{
  "positionNftId": null,
  "tickLower": null,
  "tickUpper": null,
  "centerPrice": null,
  "openedAt": null,
  "totalRebalances": 52,
  "totalFeesHarvestedUsdc": 3.855915000000001,
  "totalFeesHarvestedApt": 4.0374007800000005,
  "totalRewardsHarvested": 16.856440010000004,
  "cachedIncentiveAddress": "0x9ef958793e1043cc09c46d9ac27df3055183948438b9c2504adcefba1c7f9d9f",
  "lastIncentiveCheckAt": "2026-04-02T06:16:31.265Z",
  "lastSwapCost": 0.025,
  "avgSwapCost": 0.049830000000000006,
  "sigmaDaily": 2.8884,
  "hourlyPriceBuffer": [
    0.9250361420728128,
    0.9367677413747432,
    0.9373779229530985,
    0.9333918974522382,
    0.9319889817559246,
    0.9298208916391791,
    0.9304413014777851,
    0.9297633175488351,
    0.9280271092024373,
    0.9284224689921804,
    0.9248758725284393,
    0.9214123540106786,
    0.921759494137333,
    0.9164962128332156,
    0.9177768537475431,
    0.9130596208558892,
    0.9168998267234244,
    0.9140375616550588,
    0.9206896314267801,
    0.926433013727693,
    0.9166612913085428,
    0.9250175283084102,
    0.9310041394628228,
    0.9407086258204572,
    0.9450049258396918,
    0.946673878397317,
    0.9367928144267189,
    0.9384027614504175,
    0.9438373439287437,
    0.9401237647011933,
    0.9370497801279444,
    0.9352803753699306,
    0.934887842651449,
    0.9348772741781025,
    0.9226759825941073,
    0.9185879765609768,
    0.9088903978986431,
    0.894629716659987,
    0.8936539821432242,
    0.9001330445238196,
    0.8952397685548344,
    0.8899191263787058,
    0.8927344290564602,
    0.8988950881063803,
    0.9017435449242691,
    0.9003001793510459,
    0.9046349740217924,
    0.9067536152007055,
    0.9104441730158542,
    0.9070073253299674,
    0.9044224452923284,
    0.8954112376350496,
    0.8948628375561029,
    0.8980886725058781,
    0.8979949491225346,
    0.8989144783556052,
    0.8930894214716446,
    0.8951712058363759,
    0.8967607632430408,
    0.8982436735814818,
    0.895034610344559,
    0.8918947872348771,
    0.8898507947990065,
    0.8922172973388851,
    0.89475991576594,
    0.8913309206209292,
    0.8978596782748544,
    0.8966233106010049,
    0.9005548654408471,
    0.9120978267501233,
    0.9084081029406711,
    0.905428402470472,
    0.9004614558891254,
    0.9023514788100447,
    0.8987146179550081,
    0.9058363616938949,
    0.9053226857235934,
    0.9017577045486262,
    0.902588439324459,
    0.91514195760959,
    0.9084340780449405,
    0.9020690324650501,
    0.8990941128092688,
    0.8989923684056381,
    0.898936874605968,
    0.8907477030420821,
    0.890573472122474,
    0.8855291736338669,
    0.8663653862743839,
    0.8651984672731436,
    0.862216910350113,
    0.8676132677309271,
    0.864683247296728,
    0.8651539156222805,
    0.8618048984505626,
    0.8608948701726462,
    0.8605156710675043
  ],
  "earningsSnapshots": [
    {
      "t": "2026-04-01T08:11:01.389Z",
      "feesUsd": 6.85183199277225,
      "rewardsUsd": 12.569979495042025,
      "posUsd": 129.56685826277078
    },
    {
      "t": "2026-04-01T09:11:52.834Z",
      "feesUsd": 6.859760158180154,
      "rewardsUsd": 12.663774669171993,
      "posUsd": 128.880339565339
    },
    {
      "t": "2026-04-01T10:12:46.945Z",
      "feesUsd": 6.874233661594705,
      "rewardsUsd": 12.75984673396119,
      "posUsd": 128.99054871340698
    },
    {
      "t": "2026-04-01T11:13:42.889Z",
      "feesUsd": 6.882630282006186,
      "rewardsUsd": 12.844843801888159,
      "posUsd": 128.92310809757643
    },
    {
      "t": "2026-04-01T12:14:38.620Z",
      "feesUsd": 6.91377508164319,
      "rewardsUsd": 12.928849262931045,
      "posUsd": 129.234268251309
    },
    {
      "t": "2026-04-01T13:15:38.740Z",
      "feesUsd": 6.982788317278761,
      "rewardsUsd": 13.011765918641078,
      "posUsd": 129.52488785303171
    },
    {
      "t": "2026-04-01T14:16:31.589Z",
      "feesUsd": 7.012836380129002,
      "rewardsUsd": 13.092666129467135,
      "posUsd": 129.40414451072118
    },
    {
      "t": "2026-04-01T15:17:25.360Z",
      "feesUsd": 7.036948338001461,
      "rewardsUsd": 13.170072438535543,
      "posUsd": 129.16643316242272
    },
    {
      "t": "2026-04-01T17:10:02.922Z",
      "feesUsd": 7.154931643800483,
      "rewardsUsd": 13.335985181765123,
      "posUsd": 130.30983272084225
    },
    {
      "t": "2026-04-01T18:10:55.668Z",
      "feesUsd": 7.163242918282506,
      "rewardsUsd": 13.419553180317237,
      "posUsd": 129.93165977440506
    },
    {
      "t": "2026-04-01T19:11:50.047Z",
      "feesUsd": 7.1631777646704675,
      "rewardsUsd": 13.489416356774344,
      "posUsd": 129.35995188969727
    },
    {
      "t": "2026-04-01T20:12:44.854Z",
      "feesUsd": 7.1696436455436166,
      "rewardsUsd": 13.563156475528217,
      "posUsd": 129.03020821104084
    },
    {
      "t": "2026-04-01T21:13:35.139Z",
      "feesUsd": 7.1837531035494715,
      "rewardsUsd": 13.613520743861532,
      "posUsd": 129.0320364049703
    },
    {
      "t": "2026-04-01T22:14:23.672Z",
      "feesUsd": 7.2029067708397285,
      "rewardsUsd": 13.687344401946188,
      "posUsd": 129.04447051389488
    },
    {
      "t": "2026-04-01T23:24:08.896Z",
      "feesUsd": 7.19558119898515,
      "rewardsUsd": 15.39368655420512,
      "posUsd": 128.5090366681628
    },
    {
      "t": "2026-04-02T00:24:55.681Z",
      "feesUsd": 7.208698200977915,
      "rewardsUsd": 15.427855168707733,
      "posUsd": 128.5207431850019
    },
    {
      "t": "2026-04-02T03:13:58.238Z",
      "feesUsd": 7.135781140371173,
      "rewardsUsd": 15.49823563846404,
      "posUsd": 120.23393284332786
    },
    {
      "t": "2026-04-02T04:14:52.210Z",
      "feesUsd": 7.155239267560219,
      "rewardsUsd": 15.624569990409261,
      "posUsd": 120.14907844754673
    },
    {
      "t": "2026-04-02T05:15:40.764Z",
      "feesUsd": 7.185453246402434,
      "rewardsUsd": 15.76050470645259,
      "posUsd": 119.88159106558416
    },
    {
      "t": "2026-04-02T06:16:30.957Z",
      "feesUsd": 7.227611446840502,
      "rewardsUsd": 15.900112641847349,
      "posUsd": 120.42974083210136
    },
    {
      "t": "2026-04-02T07:17:21.765Z",
      "feesUsd": 7.229495777132633,
      "rewardsUsd": 16.029305076549683,
      "posUsd": 120.17509715766408
    },
    {
      "t": "2026-04-02T08:18:12.060Z",
      "feesUsd": 7.248633800437641,
      "rewardsUsd": 16.15511564125617,
      "posUsd": 120.2383549986028
    },
    {
      "t": "2026-04-02T09:19:04.915Z",
      "feesUsd": 7.2617474727056885,
      "rewardsUsd": 16.28785291159651,
      "posUsd": 119.91321274435538
    },
    {
      "t": "2026-04-02T10:20:35.861Z",
      "feesUsd": 7.28431792360407,
      "rewardsUsd": 16.426614419164537,
      "posUsd": 119.83406648929471
    },
    {
      "t": "2026-04-02T11:41:12.255Z",
      "feesUsd": 7.3352299450880585,
      "rewardsUsd": 16.7939895537351,
      "posUsd": 119.93039662608346
    }
  ],
  "harvestedBaseline": {
    "feesUsdcAtReset": 2.5713690000000002,
    "feesTokenAtReset": 2.5674388900000005,
    "rewardsAtReset": 7.3764428
  },
  "rebalancesAtReset": 42,
  "externalDeposits": 0,
  "resetAt": "2026-03-30T16:00:00.000Z",
  "priceAtReset": 0.918,
  "nextHarvestAt": "2026-04-02T12:41:23.822Z",
  "gasUsedApt": 0.32496800000000003,
  "gasAtReset": 0
}